{"6iC0qUFKwHP8rWa6V4c7ZA==":"img-5447-2000x1500.jpg","oA68vxIy0QZX3ao8gw51KQ==":"img-1079-1300x867.jpg","+nfSdXcXkX8cRDUCmLxekw==":"landing-background-1920x1032.png","4xoue6DbH/CbjENiwKcIkQ==":"logo-nlxtech-122x116.png","AP1VwWtgNlorTI3Gf0hccA==":"logo-nlxtech-192x182.png","03/B4XPtcOhwiQnEzHdqlA==":"alias-nicolas-400x400.jpg","lUl6wYNZcncUgl7ydE+sfQ==":"tradestation-150x150.jpg","M7JAeldWsYxyYKsz41SQAw==":"r-shiny-148x150.jpg","UqKPKXSse5Cr0sPcOJsL+A==":"r-150x150.png","TZBHSLVhuMcnh6u14goWPw==":"tt-400x400.png","1rmWn5Q4k4zUMzvLwF7DQA==":"multicharts-150x150.jpg","+1aGN82KP6pGjpMXfytSYw==":"ib-200x204.png","61bFrPk4TyCsD0wgUp6iAQ==":"nlx%20logo-150x142.png","qRNbIaQ3fudOi8tTFHXuKQ==":"nlx%20logo-50x47.png","Wa1vskvE47MExlqUfOMssA==":"logo-nlxtech-204x194.png"}